<?xml version="1.1" encoding="UTF-8"?>

<project i18n.job.generated.documetation="Generated documentation" i18n.job.project.name="Project Name" i18n.job.generated.date="GENERATION DATE" i18n.job.author="AUTHOR" i18n.job.summary="Summary" i18n.job.project.description="Project Description" i18n.job.job.description="Description" i18n.job.job.preview.picture="Preview Picture" i18n.job.job.setting="Settings" i18n.job.context.list="Context List" i18n.job.component.list="Component List" i18n.job.components.description="Components Description" i18n.job.source.code="Source Code" i18n.job.properties="Properties" i18n.job.values="Values" i18n.job.name="Name" i18n.job.language="Language" i18n.job.description="Description" i18n.job.author.min="Author" i18n.job.version="Version" i18n.job.purpose="Purpose" i18n.job.status="Status" i18n.job.creation="Creation" i18n.job.modification="Modification" i18n.job.extract.settings="Extra settings" i18n.job.value="Value" i18n.job.stats.logs="Status &amp; Logs" i18n.job.context="Context" i18n.job.promt="Prompt" i18n.job.need.promt="Need Prompt?" i18n.job.type="Type" i18n.job.source="Source" i18n.job.component.name="Component Name" i18n.job.component.type="Component Type" i18n.job.component="Component" i18n.job.unique.name="UNIQUE NAME" i18n.job.input="INPUT(S)" i18n.job.label="LABEL" i18n.job.output="OUTPUT(S)" i18n.job.component.parameters="Component Parameters:" i18n.job.schema.for="Schema for " i18n.job.column="Column" i18n.job.key="Key" i18n.job.length="Length" i18n.job.precision="Precision" i18n.job.nullable="Nullable" i18n.job.comment="Comment" i18n.job.original.function.parameters="Original Function Parameters:" i18n.job.ended="ended" i18n.job.content="content" i18n.route.manifest.type="Type" i18n.route.manifest.value="Value" i18n.route.resource.name="Name" i18n.route.resource.version="Version" i18n.route.resource.path="Path" name="mynewproject" logo="pictures/logo.jpg" title="Generated by Talend Cloud Data Fabric" link="http://www.talend.com" language="java" generatedDate="Oct 24, 2023, 3:37:23 AM" versionName="Talend Cloud VERSION " version="8.0.1.20230913_0925-patch" docType="Jobs" company="">
  <pro-description><![CDATA[]]></pro-description>
  <job name="wf_load_fct_PetLicense" author="parange.a@northeastern.edu" i18n.job.extract.settings.type="i18n.job.extract.settings" i18n.job.stats.logs.type="i18n.job.stats.logs" version="0.1" purpose="" status="" creation="Oct 23, 2023, 5:10:37 PM" modification="Oct 24, 2023, 3:25:13 AM">
    <description><![CDATA[<br/>]]></description>
    <preview picture="pictures/wf_load_fct_PetLicense_0.1.png"/>
    <contextList>
      <context name="dev">
        <contextParameter name="seattlepetDBconnMySQL_Login" prompt="seattlepetDBconnMySQL_Login?" promptNeeded="false" type="id_String" value="root" source="seattlepetDBconnMySQL"/>
        <contextParameter name="seattlepetDBconnMySQL_Server" prompt="seattlepetDBconnMySQL_Server?" promptNeeded="false" type="id_String" value="localhost" source="seattlepetDBconnMySQL"/>
        <contextParameter name="seattlepetDBconnMySQL_AdditionalParams" prompt="seattlepetDBconnMySQL_AdditionalParams?" promptNeeded="false" type="id_String" value="noDatetimeStringSync=true&amp;enabledTLSProtocols=TLSv1.2,TLSv1.1,TLSv1" source="seattlepetDBconnMySQL"/>
        <contextParameter name="seattlepetDBconnMySQL_Port" prompt="seattlepetDBconnMySQL_Port?" promptNeeded="false" type="id_String" value="3306" source="seattlepetDBconnMySQL"/>
        <contextParameter name="seattlepetDBconnMySQL_Database" prompt="seattlepetDBconnMySQL_Database?" promptNeeded="false" type="id_String" value="seattle_pet_license" source="seattlepetDBconnMySQL"/>
        <contextParameter name="seattlepetDBconnMySQL_Password" prompt="seattlepetDBconnMySQL_Password?" promptNeeded="false" type="id_Password" value="*********" source="seattlepetDBconnMySQL"/>
      </context>
      <context name="prod">
        <contextParameter name="seattlepetDBconnMySQL_Login" prompt="seattlepetDBconnMySQL_Login?" promptNeeded="false" type="id_String" value="root" source="seattlepetDBconnMySQL"/>
        <contextParameter name="seattlepetDBconnMySQL_Server" prompt="seattlepetDBconnMySQL_Server?" promptNeeded="false" type="id_String" value="localhost" source="seattlepetDBconnMySQL"/>
        <contextParameter name="seattlepetDBconnMySQL_AdditionalParams" prompt="seattlepetDBconnMySQL_AdditionalParams?" promptNeeded="false" type="id_String" value="noDatetimeStringSync=true&amp;enabledTLSProtocols=TLSv1.2,TLSv1.1,TLSv1" source="seattlepetDBconnMySQL"/>
        <contextParameter name="seattlepetDBconnMySQL_Port" prompt="seattlepetDBconnMySQL_Port?" promptNeeded="false" type="id_String" value="3306" source="seattlepetDBconnMySQL"/>
        <contextParameter name="seattlepetDBconnMySQL_Database" prompt="seattlepetDBconnMySQL_Database?" promptNeeded="false" type="id_String" value="seattle_pet_license" source="seattlepetDBconnMySQL"/>
        <contextParameter name="seattlepetDBconnMySQL_Password" prompt="seattlepetDBconnMySQL_Password?" promptNeeded="false" type="id_Password" value="*********" source="seattlepetDBconnMySQL"/>
      </context>
      <context name="qa">
        <contextParameter name="seattlepetDBconnMySQL_Login" prompt="seattlepetDBconnMySQL_Login?" promptNeeded="false" type="id_String" value="root" source="seattlepetDBconnMySQL"/>
        <contextParameter name="seattlepetDBconnMySQL_Server" prompt="seattlepetDBconnMySQL_Server?" promptNeeded="false" type="id_String" value="localhost" source="seattlepetDBconnMySQL"/>
        <contextParameter name="seattlepetDBconnMySQL_AdditionalParams" prompt="seattlepetDBconnMySQL_AdditionalParams?" promptNeeded="false" type="id_String" value="noDatetimeStringSync=true&amp;enabledTLSProtocols=TLSv1.2,TLSv1.1,TLSv1" source="seattlepetDBconnMySQL"/>
        <contextParameter name="seattlepetDBconnMySQL_Port" prompt="seattlepetDBconnMySQL_Port?" promptNeeded="false" type="id_String" value="3306" source="seattlepetDBconnMySQL"/>
        <contextParameter name="seattlepetDBconnMySQL_Database" prompt="seattlepetDBconnMySQL_Database?" promptNeeded="false" type="id_String" value="seattle_pet_license" source="seattlepetDBconnMySQL"/>
        <contextParameter name="seattlepetDBconnMySQL_Password" prompt="seattlepetDBconnMySQL_Password?" promptNeeded="false" type="id_Password" value="*********" source="seattlepetDBconnMySQL"/>
      </context>
    </contextList>
    <jobSetting>
      <extra>
        <jobParameter name="COMP_DEFAULT_FILE_DIR" value=""/>
        <jobParameter name="Multi thread execution" value="false"/>
        <jobParameter name="Implicit tContextLoad" value="false"/>
      </extra>
      <Statslogs>
        <jobParameter name="Use statistics (tStatCatcher)" value="false"/>
        <jobParameter name="Use logs (tLogCatcher)" value="false"/>
        <jobParameter name="Use volumetrics (tFlowMeterCatcher)" value="false"/>
        <jobParameter name="On Console" value="false"/>
        <jobParameter name="On Files" value="false"/>
        <jobParameter name="On Databases" value="false"/>
        <jobParameter name="Catch components statistics" value="false"/>
        <jobParameter name="Catch runtime errors" value="true"/>
        <jobParameter name="Catch user errors" value="true"/>
        <jobParameter name="Catch user warnings" value="true"/>
      </Statslogs>
    </jobSetting>
    <componentList>
      <componentItem name="tAggregateRow_1" link="tAggregateRow_1" type="tAggregateRow" leftTopX="864" leftTopY="228" rightBottomX="896" rightBottomY="260"/>
      <componentItem name="tDBInput_1" link="tDBInput_1" type="tMysqlInput" leftTopX="224" leftTopY="132" rightBottomX="256" rightBottomY="164"/>
      <componentItem name="tDBInput_2" link="tDBInput_2" type="tMysqlInput" leftTopX="224" leftTopY="292" rightBottomX="256" rightBottomY="324"/>
      <componentItem name="tDBInput_3" link="tDBInput_3" type="tMysqlInput" leftTopX="224" leftTopY="420" rightBottomX="256" rightBottomY="452"/>
      <componentItem name="tDBInput_4" link="tDBInput_4" type="tMysqlInput" leftTopX="512" leftTopY="36" rightBottomX="544" rightBottomY="68"/>
      <componentItem name="tDBOutput_1" link="tDBOutput_1" type="tMysqlOutput" leftTopX="1024" leftTopY="388" rightBottomX="1056" rightBottomY="420"/>
      <componentItem name="tLogRow_1" link="tLogRow_1" type="tLogRow" leftTopX="704" leftTopY="228" rightBottomX="736" rightBottomY="260"/>
      <componentItem name="tMap_1" link="tMap_1" type="tMap" leftTopX="576" leftTopY="228" rightBottomX="608" rightBottomY="260"/>
      <componentItem name="tMap_2" link="tMap_2" type="tMap" leftTopX="800" leftTopY="356" rightBottomX="832" rightBottomY="388"/>
    </componentList>
    <internalNodeComponents>
      <component icon="pictures/tAggregateRow_1.png" uniqueName="tAggregateRow_1" label="__UNIQUE_NAME__">
        <input link="tLogRow_1">tLogRow_1</input>
        <output link="tMap_2">tMap_2</output>
        <componentType>tAggregateRow</componentType>
        <parameters>
          <column name="Unique Name" value="tAggregateRow_1"/>
          <column name="Component Name" value="tAggregateRow"/>
          <column name="Version" value="0.102 (ALPHA)"/>
          <column name="Family" value="Processing"/>
          <column name="Startable" value="false"/>
          <column name="SUBTREE_START" value="false"/>
          <column name="END_OF_FLOW" value="false"/>
          <column name="Activate" value="true"/>
          <column name="DUMMY" value="false"/>
          <column name="tStatCatcher Statistics" value="false"/>
          <column name="Help" value="org.talend.help.tAggregateRow"/>
          <column name="Update components" value="true"/>
          <column name="IREPORT_PATH" value=""/>
          <column name="JAVA_LIBRARY_PATH" value="C:\Program Files (x86)\Talend-Studio\studio\configuration\lib\java"/>
          <column name="Subjob color" value=""/>
          <column name="Title color" value=""/>
          <column name="Enable parallel execution" value="false"/>
          <column name="Number of parallel executions" value="2"/>
          <column name="PARALLELIZE_KEEP_EMPTY" value="false"/>
          <column name="REPOSITORY_ALLOW_AUTO_SWITCH" value="true"/>
          <column name="Schema" value="Built-In"/>
          <column name="Group by" value="[{OUTPUT_COLUMN=DateSK, INPUT_COLUMN=DateSK}, {OUTPUT_COLUMN=LocationSK, INPUT_COLUMN=LocationSK}, {OUTPUT_COLUMN=BreedSK, INPUT_COLUMN=BreedSK}]"/>
          <column name="Operations" value="[{OUTPUT_COLUMN=No_of_License, FUNCTION=count, INPUT_COLUMN=BreedSK, IGNORE_NULL=false}]"/>
          <column name="Delimiter (only for list operation)" value="&quot;,&quot;"/>
          <column name="Use financial precision, this is the max precision for &quot;sum&quot; and &quot;avg&quot; operations, checked option heaps more memory and slower than unchecked." value="true"/>
          <column name="Check type overflow (slower)" value="false"/>
          <column name="Check ULP (Unit in the Last Place), ensure that a value will be incremented or decremented correctly, only for float and double types. (slower)" value="false"/>
          <column name="Label format" value="__UNIQUE_NAME__"/>
          <column name="Hint format" value="&lt;b&gt;__UNIQUE_NAME__&lt;/b&gt;&lt;br&gt;__COMMENT__"/>
          <column name="Connection format" value="row"/>
          <column name="Show Information" value="false"/>
          <column name="Comment" value=""/>
          <column name="Use an existing validation rule" value="false"/>
          <column name="Validation Rule Type" value=""/>
        </parameters>
        <schemas>
          <schema name="tAggregateRow_1">
            <column name="DateSK" key="false" type="Integer" length="20" precision="" nullable="true" comment=""/>
            <column name="LocationSK" key="false" type="Integer" length="" precision="" nullable="true" comment=""/>
            <column name="BreedSK" key="false" type="Integer" length="" precision="" nullable="true" comment=""/>
            <column name="No_of_License" key="false" type="Integer" length="" precision="" nullable="true" comment=""/>
          </schema>
        </schemas>
      </component>
      <component icon="pictures/tDBInput_1.png" uniqueName="tDBInput_1" label="src_dim_date">
        <input>none</input>
        <output link="tMap_1">tMap_1</output>
        <componentType>tMysqlInput</componentType>
        <parameters>
          <column name="Database" value="tMysqlInput"/>
          <column name="Unique Name" value="tDBInput_1"/>
          <column name="Component Name" value="tMysqlInput"/>
          <column name="Version" value="0.102 (ALPHA)"/>
          <column name="Family" value="Databases/DB Specifics/MySQL"/>
          <column name="Start" value="false"/>
          <column name="Startable" value="true"/>
          <column name="SUBTREE_START" value="false"/>
          <column name="END_OF_FLOW" value="false"/>
          <column name="Activate" value="true"/>
          <column name="DUMMY" value="false"/>
          <column name="tStatCatcher Statistics" value="false"/>
          <column name="Help" value="org.talend.help.tMysqlInput"/>
          <column name="Update components" value="true"/>
          <column name="IREPORT_PATH" value=""/>
          <column name="JAVA_LIBRARY_PATH" value="C:\Program Files (x86)\Talend-Studio\studio\configuration\lib\java"/>
          <column name="Subjob color" value=""/>
          <column name="Title color" value=""/>
          <column name="Enable parallel execution" value="false"/>
          <column name="Number of parallel executions" value="2"/>
          <column name="PARALLELIZE_KEEP_EMPTY" value="false"/>
          <column name="Property Type" value="repository: DB (MYSQL):seattlepetDBconnMySQL"/>
          <column name="DB Version" value="MYSQL_8"/>
          <column name="Use an existing connection" value="false"/>
          <column name="Component List" value=""/>
          <column name="Host" value="context.seattlepetDBconnMySQL_Server"/>
          <column name="Port" value="context.seattlepetDBconnMySQL_Port"/>
          <column name="Database" value="context.seattlepetDBconnMySQL_Database"/>
          <column name="Database Driver" value="MYSQL"/>
          <column name="Username" value="context.seattlepetDBconnMySQL_Login"/>
          <column name="Password" value="context.seattlepetDBconnMySQL_Password"/>
          <column name="REPOSITORY_ALLOW_AUTO_SWITCH" value="true"/>
          <column name="Schema" value="Built-In"/>
          <column name="Table Name" value="&quot;dim_date&quot;"/>
          <column name="Query Type" value="Built-In"/>
          <column name="Guess Schema" value="&quot;&quot;"/>
          <column name="Query" value="&quot;SELECT 
  `dim_date`.`DateSK`, 
  `dim_date`.`Date`, 
  `dim_date`.`Date_Num`, 
  `dim_date`.`Month_Num`, 
  `dim_date`.`Qtr_Num`, 
  `dim_date`.`Year_Num`, 
  `dim_date`.`Date_Str`, 
  `dim_date`.`Month_Str`, 
  `dim_date`.`Qtr_Str`, 
  `dim_date`.`Year_Str`, 
  `dim_date`.`Is_Weekend`, 
  `dim_date`.`Date_To_Warehouse`, 
  `dim_date`.`DI_JobID`
FROM `dim_date`&quot;"/>
          <column name="Specify a data source alias" value="false"/>
          <column name="Data source alias" value="&quot;&quot;"/>
          <column name="Mapping" value="mysql_id"/>
          <column name="Additional JDBC Parameters" value="context.seattlepetDBconnMySQL_AdditionalParams"/>
          <column name="Encoding" value="&quot;ISO-8859-15&quot;"/>
          <column name="Enable stream" value="false"/>
          <column name="Trim all the String/Char columns" value="false"/>
          <column name="Trim column" value="[{SCHEMA_COLUMN=DateSK, TRIM=false}, {SCHEMA_COLUMN=Date, TRIM=false}, {SCHEMA_COLUMN=Date_Num, TRIM=false}, {SCHEMA_COLUMN=Month_Num, TRIM=false}, {SCHEMA_COLUMN=Qtr_Num, TRIM=false}, {SCHEMA_COLUMN=Year_Num, TRIM=false}, {SCHEMA_COLUMN=Date_Str, TRIM=false}, {SCHEMA_COLUMN=Month_Str, TRIM=false}, {SCHEMA_COLUMN=Qtr_Str, TRIM=false}, {SCHEMA_COLUMN=Year_Str, TRIM=false}, {SCHEMA_COLUMN=Is_Weekend, TRIM=false}, {SCHEMA_COLUMN=Date_To_Warehouse, TRIM=false}, {SCHEMA_COLUMN=DI_JobID, TRIM=false}]"/>
          <column name="Label format" value="src_dim_date"/>
          <column name="Hint format" value="&lt;b&gt;__UNIQUE_NAME__&lt;/b&gt;&lt;br&gt;__COMMENT__"/>
          <column name="Connection format" value="row"/>
          <column name="Show Information" value="false"/>
          <column name="Comment" value=""/>
          <column name="Use an existing validation rule" value="false"/>
          <column name="Validation Rule Type" value=""/>
        </parameters>
        <schemas>
          <schema name="tDBInput_1">
            <column name="DateSK" key="true" type="Integer" length="20" precision="" nullable="true" comment=""/>
            <column name="Date" key="false" type="java.util.Date" length="" precision="" nullable="true" comment=""/>
            <column name="Date_Num" key="false" type="String" length="2" precision="" nullable="true" comment=""/>
            <column name="Month_Num" key="false" type="String" length="10" precision="" nullable="true" comment=""/>
            <column name="Qtr_Num" key="false" type="String" length="2" precision="" nullable="true" comment=""/>
            <column name="Year_Num" key="false" type="String" length="4" precision="" nullable="true" comment=""/>
            <column name="Date_Str" key="false" type="String" length="10" precision="" nullable="true" comment=""/>
            <column name="Month_Str" key="false" type="String" length="10" precision="" nullable="true" comment=""/>
            <column name="Qtr_Str" key="false" type="String" length="2" precision="" nullable="true" comment=""/>
            <column name="Year_Str" key="false" type="String" length="4" precision="" nullable="true" comment=""/>
            <column name="Is_Weekend" key="false" type="String" length="3" precision="" nullable="true" comment=""/>
            <column name="Date_To_Warehouse" key="false" type="java.util.Date" length="" precision="" nullable="true" comment=""/>
            <column name="DI_JobID" key="false" type="String" length="20" precision="" nullable="true" comment=""/>
          </schema>
        </schemas>
      </component>
      <component icon="pictures/tDBInput_2.png" uniqueName="tDBInput_2" label="src_dim_location">
        <input>none</input>
        <output link="tMap_1">tMap_1</output>
        <componentType>tMysqlInput</componentType>
        <parameters>
          <column name="Database" value="tMysqlInput"/>
          <column name="Unique Name" value="tDBInput_2"/>
          <column name="Component Name" value="tMysqlInput"/>
          <column name="Version" value="0.102 (ALPHA)"/>
          <column name="Family" value="Databases/DB Specifics/MySQL"/>
          <column name="Start" value="false"/>
          <column name="Startable" value="true"/>
          <column name="SUBTREE_START" value="false"/>
          <column name="END_OF_FLOW" value="false"/>
          <column name="Activate" value="true"/>
          <column name="DUMMY" value="false"/>
          <column name="tStatCatcher Statistics" value="false"/>
          <column name="Help" value="org.talend.help.tMysqlInput"/>
          <column name="Update components" value="true"/>
          <column name="IREPORT_PATH" value=""/>
          <column name="JAVA_LIBRARY_PATH" value="C:\Program Files (x86)\Talend-Studio\studio\configuration\lib\java"/>
          <column name="Subjob color" value=""/>
          <column name="Title color" value=""/>
          <column name="Enable parallel execution" value="false"/>
          <column name="Number of parallel executions" value="2"/>
          <column name="PARALLELIZE_KEEP_EMPTY" value="false"/>
          <column name="Property Type" value="repository: DB (MYSQL):seattlepetDBconnMySQL"/>
          <column name="DB Version" value="MYSQL_8"/>
          <column name="Use an existing connection" value="false"/>
          <column name="Component List" value=""/>
          <column name="Host" value="context.seattlepetDBconnMySQL_Server"/>
          <column name="Port" value="context.seattlepetDBconnMySQL_Port"/>
          <column name="Database" value="context.seattlepetDBconnMySQL_Database"/>
          <column name="Database Driver" value="MYSQL"/>
          <column name="Username" value="context.seattlepetDBconnMySQL_Login"/>
          <column name="Password" value="context.seattlepetDBconnMySQL_Password"/>
          <column name="REPOSITORY_ALLOW_AUTO_SWITCH" value="true"/>
          <column name="Schema" value="Built-In"/>
          <column name="Table Name" value="&quot;dim_location&quot;"/>
          <column name="Query Type" value="Built-In"/>
          <column name="Guess Schema" value="&quot;&quot;"/>
          <column name="Query" value="&quot;SELECT 
  `dim_location`.`LocationSK`, 
  `dim_location`.`ZIP_Code`, 
  `dim_location`.`City`, 
  `dim_location`.`State`, 
  `dim_location`.`Date_To_warehouse`, 
  `dim_location`.`DI_JobId`
FROM `dim_location`&quot;"/>
          <column name="Specify a data source alias" value="false"/>
          <column name="Data source alias" value="&quot;&quot;"/>
          <column name="Mapping" value="mysql_id"/>
          <column name="Additional JDBC Parameters" value="context.seattlepetDBconnMySQL_AdditionalParams"/>
          <column name="Encoding" value="&quot;ISO-8859-15&quot;"/>
          <column name="Enable stream" value="false"/>
          <column name="Trim all the String/Char columns" value="false"/>
          <column name="Trim column" value="[{SCHEMA_COLUMN=LocationSK, TRIM=false}, {SCHEMA_COLUMN=ZIP_Code, TRIM=false}, {SCHEMA_COLUMN=City, TRIM=false}, {SCHEMA_COLUMN=State, TRIM=false}, {SCHEMA_COLUMN=Date_To_warehouse, TRIM=false}, {SCHEMA_COLUMN=DI_JobId, TRIM=false}]"/>
          <column name="Label format" value="src_dim_location"/>
          <column name="Hint format" value="&lt;b&gt;__UNIQUE_NAME__&lt;/b&gt;&lt;br&gt;__COMMENT__"/>
          <column name="Connection format" value="row"/>
          <column name="Show Information" value="false"/>
          <column name="Comment" value=""/>
          <column name="Use an existing validation rule" value="false"/>
          <column name="Validation Rule Type" value=""/>
        </parameters>
        <schemas>
          <schema name="tDBInput_2">
            <column name="LocationSK" key="true" type="int" length="" precision="" nullable="false" comment=""/>
            <column name="ZIP_Code" key="false" type="String" length="10" precision="" nullable="true" comment=""/>
            <column name="City" key="false" type="String" length="50" precision="" nullable="true" comment=""/>
            <column name="State" key="false" type="String" length="50" precision="" nullable="true" comment=""/>
            <column name="Date_To_warehouse" key="false" type="java.util.Date" length="" precision="" nullable="true" comment=""/>
            <column name="DI_JobId" key="false" type="String" length="10" precision="" nullable="true" comment=""/>
          </schema>
        </schemas>
      </component>
      <component icon="pictures/tDBInput_3.png" uniqueName="tDBInput_3" label="src_dim_breed">
        <input>none</input>
        <output link="tMap_1">tMap_1</output>
        <componentType>tMysqlInput</componentType>
        <parameters>
          <column name="Database" value="tMysqlInput"/>
          <column name="Unique Name" value="tDBInput_3"/>
          <column name="Component Name" value="tMysqlInput"/>
          <column name="Version" value="0.102 (ALPHA)"/>
          <column name="Family" value="Databases/DB Specifics/MySQL"/>
          <column name="Start" value="false"/>
          <column name="Startable" value="true"/>
          <column name="SUBTREE_START" value="false"/>
          <column name="END_OF_FLOW" value="false"/>
          <column name="Activate" value="true"/>
          <column name="DUMMY" value="false"/>
          <column name="tStatCatcher Statistics" value="false"/>
          <column name="Help" value="org.talend.help.tMysqlInput"/>
          <column name="Update components" value="true"/>
          <column name="IREPORT_PATH" value=""/>
          <column name="JAVA_LIBRARY_PATH" value="C:\Program Files (x86)\Talend-Studio\studio\configuration\lib\java"/>
          <column name="Subjob color" value=""/>
          <column name="Title color" value=""/>
          <column name="Enable parallel execution" value="false"/>
          <column name="Number of parallel executions" value="2"/>
          <column name="PARALLELIZE_KEEP_EMPTY" value="false"/>
          <column name="Property Type" value="repository: DB (MYSQL):seattlepetDBconnMySQL"/>
          <column name="DB Version" value="MYSQL_8"/>
          <column name="Use an existing connection" value="false"/>
          <column name="Component List" value=""/>
          <column name="Host" value="context.seattlepetDBconnMySQL_Server"/>
          <column name="Port" value="context.seattlepetDBconnMySQL_Port"/>
          <column name="Database" value="context.seattlepetDBconnMySQL_Database"/>
          <column name="Database Driver" value="MYSQL"/>
          <column name="Username" value="context.seattlepetDBconnMySQL_Login"/>
          <column name="Password" value="context.seattlepetDBconnMySQL_Password"/>
          <column name="REPOSITORY_ALLOW_AUTO_SWITCH" value="true"/>
          <column name="Schema" value="Built-In"/>
          <column name="Table Name" value="&quot;dim_breed&quot;"/>
          <column name="Query Type" value="Built-In"/>
          <column name="Guess Schema" value="&quot;&quot;"/>
          <column name="Query" value="&quot;SELECT 
  `dim_breed`.`BreedSK`, 
  `dim_breed`.`Species_Name`, 
  `dim_breed`.`Primary_Breed_Name`, 
  `dim_breed`.`Secondary_Breed_Name`, 
  `dim_breed`.`DI_JobId`, 
  `dim_breed`.`Date_To_Warehouse`
FROM `dim_breed`&quot;"/>
          <column name="Specify a data source alias" value="false"/>
          <column name="Data source alias" value="&quot;&quot;"/>
          <column name="Mapping" value="mysql_id"/>
          <column name="Additional JDBC Parameters" value="context.seattlepetDBconnMySQL_AdditionalParams"/>
          <column name="Encoding" value="&quot;ISO-8859-15&quot;"/>
          <column name="Enable stream" value="false"/>
          <column name="Trim all the String/Char columns" value="false"/>
          <column name="Trim column" value="[{SCHEMA_COLUMN=BreedSK, TRIM=false}, {SCHEMA_COLUMN=Species, TRIM=false}, {SCHEMA_COLUMN=Primary_Breed, TRIM=false}, {SCHEMA_COLUMN=Secondary_Breed, TRIM=false}, {SCHEMA_COLUMN=ProcessID, TRIM=false}, {SCHEMA_COLUMN=DI_created_date, TRIM=false}]"/>
          <column name="Label format" value="src_dim_breed"/>
          <column name="Hint format" value="&lt;b&gt;__UNIQUE_NAME__&lt;/b&gt;&lt;br&gt;__COMMENT__"/>
          <column name="Connection format" value="row"/>
          <column name="Show Information" value="false"/>
          <column name="Comment" value=""/>
          <column name="Use an existing validation rule" value="false"/>
          <column name="Validation Rule Type" value=""/>
        </parameters>
        <schemas>
          <schema name="tDBInput_3">
            <column name="BreedSK" key="true" type="int" length="" precision="" nullable="false" comment=""/>
            <column name="Species" key="false" type="String" length="4" precision="" nullable="true" comment=""/>
            <column name="Primary_Breed" key="false" type="String" length="46" precision="" nullable="true" comment=""/>
            <column name="Secondary_Breed" key="false" type="String" length="46" precision="" nullable="true" comment=""/>
            <column name="ProcessID" key="false" type="String" length="10" precision="" nullable="true" comment=""/>
            <column name="DI_created_date" key="false" type="java.util.Date" length="" precision="" nullable="true" comment=""/>
          </schema>
        </schemas>
      </component>
      <component icon="pictures/tDBInput_4.png" uniqueName="tDBInput_4" label="src_stage">
        <input>none</input>
        <output link="tMap_1">tMap_1</output>
        <componentType>tMysqlInput</componentType>
        <parameters>
          <column name="Database" value="tMysqlInput"/>
          <column name="Unique Name" value="tDBInput_4"/>
          <column name="Component Name" value="tMysqlInput"/>
          <column name="Version" value="0.102 (ALPHA)"/>
          <column name="Family" value="Databases/DB Specifics/MySQL"/>
          <column name="Start" value="true"/>
          <column name="Startable" value="true"/>
          <column name="SUBTREE_START" value="true"/>
          <column name="END_OF_FLOW" value="false"/>
          <column name="Activate" value="true"/>
          <column name="DUMMY" value="false"/>
          <column name="tStatCatcher Statistics" value="false"/>
          <column name="Help" value="org.talend.help.tMysqlInput"/>
          <column name="Update components" value="true"/>
          <column name="IREPORT_PATH" value=""/>
          <column name="JAVA_LIBRARY_PATH" value="C:\Program Files (x86)\Talend-Studio\studio\configuration\lib\java"/>
          <column name="Subjob color" value=""/>
          <column name="Title color" value=""/>
          <column name="Enable parallel execution" value="false"/>
          <column name="Number of parallel executions" value="2"/>
          <column name="PARALLELIZE_KEEP_EMPTY" value="false"/>
          <column name="Property Type" value="repository: DB (MYSQL):seattlepetDBconnMySQL"/>
          <column name="DB Version" value="MYSQL_8"/>
          <column name="Use an existing connection" value="false"/>
          <column name="Component List" value=""/>
          <column name="Host" value="context.seattlepetDBconnMySQL_Server"/>
          <column name="Port" value="context.seattlepetDBconnMySQL_Port"/>
          <column name="Database" value="context.seattlepetDBconnMySQL_Database"/>
          <column name="Database Driver" value="MYSQL"/>
          <column name="Username" value="context.seattlepetDBconnMySQL_Login"/>
          <column name="Password" value="context.seattlepetDBconnMySQL_Password"/>
          <column name="REPOSITORY_ALLOW_AUTO_SWITCH" value="true"/>
          <column name="Schema" value="Built-In"/>
          <column name="Table Name" value="&quot;seattlepetlicensestg&quot;"/>
          <column name="Query Type" value="Built-In"/>
          <column name="Guess Schema" value="&quot;&quot;"/>
          <column name="Query" value="&quot;SELECT 
  `seattlepetlicensestg`.`License_Issue_Date`, 
  `seattlepetlicensestg`.`License_Number`, 
  `seattlepetlicensestg`.`Animal_s_Name`, 
  `seattlepetlicensestg`.`Species`, 
  `seattlepetlicensestg`.`Primary_Breed`, 
  `seattlepetlicensestg`.`Secondary_Breed`, 
  `seattlepetlicensestg`.`ZIP_Code`, 
  `seattlepetlicensestg`.`ProcessID`, 
  `seattlepetlicensestg`.`DI_created_date`
FROM `seattlepetlicensestg`&quot;"/>
          <column name="Specify a data source alias" value="false"/>
          <column name="Data source alias" value="&quot;&quot;"/>
          <column name="Mapping" value="mysql_id"/>
          <column name="Additional JDBC Parameters" value="context.seattlepetDBconnMySQL_AdditionalParams"/>
          <column name="Encoding" value="&quot;ISO-8859-15&quot;"/>
          <column name="Enable stream" value="false"/>
          <column name="Trim all the String/Char columns" value="false"/>
          <column name="Trim column" value="[{SCHEMA_COLUMN=License_Issue_Date, TRIM=false}, {SCHEMA_COLUMN=License_Number, TRIM=false}, {SCHEMA_COLUMN=Animal_s_Name, TRIM=false}, {SCHEMA_COLUMN=Species, TRIM=false}, {SCHEMA_COLUMN=Primary_Breed, TRIM=false}, {SCHEMA_COLUMN=Secondary_Breed, TRIM=false}, {SCHEMA_COLUMN=ZIP_Code, TRIM=false}, {SCHEMA_COLUMN=ProcessID, TRIM=false}, {SCHEMA_COLUMN=DI_created_date, TRIM=false}]"/>
          <column name="Label format" value="src_stage"/>
          <column name="Hint format" value="&lt;b&gt;__UNIQUE_NAME__&lt;/b&gt;&lt;br&gt;__COMMENT__"/>
          <column name="Connection format" value="row"/>
          <column name="Show Information" value="false"/>
          <column name="Comment" value=""/>
          <column name="Use an existing validation rule" value="false"/>
          <column name="Validation Rule Type" value=""/>
        </parameters>
        <schemas>
          <schema name="tDBInput_4">
            <column name="License_Issue_Date" key="false" type="java.util.Date" length="" precision="" nullable="true" comment=""/>
            <column name="License_Number" key="false" type="String" length="7" precision="" nullable="true" comment=""/>
            <column name="Animal_s_Name" key="false" type="String" length="50" precision="" nullable="true" comment=""/>
            <column name="Species" key="false" type="String" length="4" precision="" nullable="true" comment=""/>
            <column name="Primary_Breed" key="false" type="String" length="46" precision="" nullable="true" comment=""/>
            <column name="Secondary_Breed" key="false" type="String" length="46" precision="" nullable="true" comment=""/>
            <column name="ZIP_Code" key="false" type="String" length="5" precision="" nullable="true" comment=""/>
            <column name="ProcessID" key="false" type="String" length="10" precision="" nullable="true" comment=""/>
            <column name="DI_created_date" key="false" type="java.util.Date" length="" precision="" nullable="true" comment=""/>
          </schema>
        </schemas>
      </component>
      <component icon="pictures/tDBOutput_1.png" uniqueName="tDBOutput_1" label="tgt_fct_license_mysql">
        <input link="tMap_2">tMap_2</input>
        <output>none</output>
        <componentType>tMysqlOutput</componentType>
        <parameters>
          <column name="Database" value="tMysqlOutput"/>
          <column name="Unique Name" value="tDBOutput_1"/>
          <column name="Component Name" value="tMysqlOutput"/>
          <column name="Version" value="0.102 (ALPHA)"/>
          <column name="Family" value="Databases/DB Specifics/MySQL"/>
          <column name="Startable" value="false"/>
          <column name="SUBTREE_START" value="false"/>
          <column name="END_OF_FLOW" value="true"/>
          <column name="Activate" value="true"/>
          <column name="DUMMY" value="false"/>
          <column name="tStatCatcher Statistics" value="false"/>
          <column name="Help" value="org.talend.help.tMysqlOutput"/>
          <column name="Update components" value="true"/>
          <column name="IREPORT_PATH" value=""/>
          <column name="JAVA_LIBRARY_PATH" value="C:\Program Files (x86)\Talend-Studio\studio\configuration\lib\java"/>
          <column name="Subjob color" value=""/>
          <column name="Title color" value=""/>
          <column name="Enable parallel execution" value="false"/>
          <column name="Number of parallel executions" value="2"/>
          <column name="PARALLELIZE_KEEP_EMPTY" value="false"/>
          <column name="Property Type" value="repository: DB (MYSQL):seattlepetDBconnMySQL"/>
          <column name="DB Version" value="MYSQL_8"/>
          <column name="Use an existing connection" value="false"/>
          <column name="Component List" value=""/>
          <column name="Database Driver" value="MYSQL"/>
          <column name="Host" value="context.seattlepetDBconnMySQL_Server"/>
          <column name="Port" value="context.seattlepetDBconnMySQL_Port"/>
          <column name="Database" value="context.seattlepetDBconnMySQL_Database"/>
          <column name="Username" value="context.seattlepetDBconnMySQL_Login"/>
          <column name="Password" value="context.seattlepetDBconnMySQL_Password"/>
          <column name="Table" value="&quot;fct_license&quot;"/>
          <column name="Action on table" value="TRUNCATE"/>
          <column name="Action on data" value="INSERT"/>
          <column name="REPOSITORY_ALLOW_AUTO_SWITCH" value="true"/>
          <column name="Schema" value="Built-In"/>
          <column name="Reject Schema" value="Built-In"/>
          <column name="Specify a data source alias" value="false"/>
          <column name="Data source alias" value="&quot;&quot;"/>
          <column name="Die on error" value="false"/>
          <column name="Mapping" value="mysql_id"/>
          <column name="Additional JDBC Parameters" value="context.seattlepetDBconnMySQL_AdditionalParams"/>
          <column name="Extend Insert" value="true"/>
          <column name="Number of rows per insert" value="100"/>
          <column name="Use Batch Size" value="true"/>
          <column name="Batch Size" value="10000"/>
          <column name="Encoding" value="&quot;ISO-8859-15&quot;"/>
          <column name="Commit every" value="10000"/>
          <column name="Additional columns" value="[]"/>
          <column name="Use field options" value="false"/>
          <column name="Field options" value="[{SCHEMA_COLUMN=LicenseSK, UPDATE_KEY=false, DELETE_KEY=false, UPDATABLE=true, INSERTABLE=true}, {SCHEMA_COLUMN=DateSK, UPDATE_KEY=false, DELETE_KEY=false, UPDATABLE=true, INSERTABLE=true}, {SCHEMA_COLUMN=LocationSK, UPDATE_KEY=false, DELETE_KEY=false, UPDATABLE=true, INSERTABLE=true}, {SCHEMA_COLUMN=BreedSK, UPDATE_KEY=false, DELETE_KEY=false, UPDATABLE=true, INSERTABLE=true}, {SCHEMA_COLUMN=No_of_License, UPDATE_KEY=false, DELETE_KEY=false, UPDATABLE=true, INSERTABLE=true}, {SCHEMA_COLUMN=DI_JobId, UPDATE_KEY=false, DELETE_KEY=false, UPDATABLE=true, INSERTABLE=true}, {SCHEMA_COLUMN=Date_To_Warehouse, UPDATE_KEY=false, DELETE_KEY=false, UPDATABLE=true, INSERTABLE=true}]"/>
          <column name="Use Hint Options" value="false"/>
          <column name="Hint Options" value="[]"/>
          <column name="Debug query mode" value="false"/>
          <column name="Use duplicate key update mode insert" value="false"/>
          <column name="DUPLICATED_KEYS" value="[]"/>
          <column name="Support null in &quot;SQL WHERE&quot; statement" value="false"/>
          <column name="Label format" value="tgt_fct_license_mysql"/>
          <column name="Hint format" value="&lt;b&gt;__UNIQUE_NAME__&lt;/b&gt;&lt;br&gt;__COMMENT__"/>
          <column name="Connection format" value="row"/>
          <column name="Show Information" value="false"/>
          <column name="Comment" value=""/>
          <column name="Use an existing validation rule" value="false"/>
          <column name="Validation Rule Type" value=""/>
        </parameters>
        <schemas>
          <schema name="tDBOutput_1">
            <column name="LicenseSK" key="true" type="int" length="" precision="" nullable="false" comment=""/>
            <column name="DateSK" key="false" type="Integer" length="20" precision="" nullable="true" comment=""/>
            <column name="LocationSK" key="false" type="Integer" length="" precision="" nullable="true" comment=""/>
            <column name="BreedSK" key="false" type="Integer" length="" precision="" nullable="true" comment=""/>
            <column name="No_of_License" key="false" type="Integer" length="" precision="" nullable="true" comment=""/>
            <column name="DI_JobId" key="false" type="String" length="" precision="" nullable="true" comment=""/>
            <column name="Date_To_Warehouse" key="false" type="java.util.Date" length="" precision="" nullable="true" comment=""/>
          </schema>
        </schemas>
      </component>
      <component icon="pictures/tLogRow_1.png" uniqueName="tLogRow_1" label="__UNIQUE_NAME__">
        <input link="tMap_1">tMap_1</input>
        <output link="tAggregateRow_1">tAggregateRow_1</output>
        <componentType>tLogRow</componentType>
        <parameters>
          <column name="Unique Name" value="tLogRow_1"/>
          <column name="Component Name" value="tLogRow"/>
          <column name="Version" value="0.101 (ALPHA)"/>
          <column name="Family" value="Logs_Errors"/>
          <column name="Startable" value="false"/>
          <column name="SUBTREE_START" value="false"/>
          <column name="END_OF_FLOW" value="false"/>
          <column name="Activate" value="true"/>
          <column name="DUMMY" value="false"/>
          <column name="tStatCatcher Statistics" value="false"/>
          <column name="Help" value="org.talend.help.tLogRow"/>
          <column name="Update components" value="true"/>
          <column name="IREPORT_PATH" value=""/>
          <column name="JAVA_LIBRARY_PATH" value="C:\Program Files (x86)\Talend-Studio\studio\configuration\lib\java"/>
          <column name="Subjob color" value=""/>
          <column name="Title color" value=""/>
          <column name="Enable parallel execution" value="false"/>
          <column name="Number of parallel executions" value="2"/>
          <column name="PARALLELIZE_KEEP_EMPTY" value="false"/>
          <column name="REPOSITORY_ALLOW_AUTO_SWITCH" value="true"/>
          <column name="Schema" value="Built-In"/>
          <column name="Basic" value="true"/>
          <column name="Table (print values in cells of a table)" value="false"/>
          <column name="Vertical (each row is a key/value list)" value="false"/>
          <column name="Print unique name" value="true"/>
          <column name="Print label" value="false"/>
          <column name="Print unique name and label" value="false"/>
          <column name="Field Separator" value="&quot;|&quot;"/>
          <column name="Print header" value="false"/>
          <column name="Print component unique name in front of each output row" value="false"/>
          <column name="Print schema column name in front of each value" value="false"/>
          <column name="Use fixed length for values" value="false"/>
          <column name="Lengths" value="[{SCHEMA_COLUMN=DateSK, LENGTH=10}, {SCHEMA_COLUMN=LocationSK, LENGTH=10}, {SCHEMA_COLUMN=BreedSK, LENGTH=10}]"/>
          <column name="Print content with log4j" value="true"/>
          <column name="Min column number of optimize code" value="100"/>
          <column name="Label format" value="__UNIQUE_NAME__"/>
          <column name="Hint format" value="&lt;b&gt;__UNIQUE_NAME__&lt;/b&gt;&lt;br&gt;__COMMENT__"/>
          <column name="Connection format" value="row"/>
          <column name="Show Information" value="false"/>
          <column name="Comment" value=""/>
          <column name="Use an existing validation rule" value="false"/>
          <column name="Validation Rule Type" value=""/>
        </parameters>
        <schemas>
          <schema name="tLogRow_1">
            <column name="DateSK" key="true" type="Integer" length="20" precision="" nullable="true" comment=""/>
            <column name="LocationSK" key="true" type="Integer" length="" precision="" nullable="true" comment=""/>
            <column name="BreedSK" key="false" type="Integer" length="" precision="" nullable="true" comment=""/>
          </schema>
        </schemas>
      </component>
    </internalNodeComponents>
    <externalNodeComponents>
      <component icon="pictures/tMap_1.png" uniqueName="tMap_1" label="__UNIQUE_NAME__">
        <input link="tDBInput_4">tDBInput_4</input>
        <input link="tDBInput_1">tDBInput_1</input>
        <input link="tDBInput_2">tDBInput_2</input>
        <input link="tDBInput_3">tDBInput_3</input>
        <output link="tLogRow_1">tLogRow_1</output>
        <componentType>tMap</componentType>
        <!--tMap_1-->
      </component>
      <component icon="pictures/tMap_2.png" uniqueName="tMap_2" label="__UNIQUE_NAME__">
        <input link="tAggregateRow_1">tAggregateRow_1</input>
        <output link="tDBOutput_1">tDBOutput_1</output>
        <componentType>tMap</componentType>
        <!--tMap_2-->
      </component>
    </externalNodeComponents>
    <connections>
      <connection label="row1" lineStyle="0" metaname="tDBInput_4" offsetLabelX="0" offsetLabelY="0" source="tDBInput_4" target="tMap_1"/>
      <connection label="out1" lineStyle="0" metaname="out1" offsetLabelX="0" offsetLabelY="0" source="tMap_1" target="tLogRow_1"/>
      <connection label="row2" lineStyle="8" metaname="tDBInput_1" offsetLabelX="0" offsetLabelY="0" source="tDBInput_1" target="tMap_1"/>
      <connection label="row3" lineStyle="8" metaname="tDBInput_2" offsetLabelX="0" offsetLabelY="0" source="tDBInput_2" target="tMap_1"/>
      <connection label="row4" lineStyle="8" metaname="tDBInput_3" offsetLabelX="0" offsetLabelY="0" source="tDBInput_3" target="tMap_1"/>
      <connection label="row5" lineStyle="0" metaname="tLogRow_1" offsetLabelX="0" offsetLabelY="0" source="tLogRow_1" target="tAggregateRow_1"/>
      <connection label="row6" lineStyle="0" metaname="tAggregateRow_1" offsetLabelX="0" offsetLabelY="0" source="tAggregateRow_1" target="tMap_2"/>
      <connection label="load_fct_tgt" lineStyle="0" metaname="load_fct_tgt" offsetLabelX="0" offsetLabelY="0" source="tMap_2" target="tDBOutput_1"/>
    </connections>
  </job>
</project>
