<?xml version="1.1" encoding="UTF-8"?>

<project i18n.job.generated.documetation="Generated documentation" i18n.job.project.name="Project Name" i18n.job.generated.date="GENERATION DATE" i18n.job.author="AUTHOR" i18n.job.summary="Summary" i18n.job.project.description="Project Description" i18n.job.job.description="Description" i18n.job.job.preview.picture="Preview Picture" i18n.job.job.setting="Settings" i18n.job.context.list="Context List" i18n.job.component.list="Component List" i18n.job.components.description="Components Description" i18n.job.source.code="Source Code" i18n.job.properties="Properties" i18n.job.values="Values" i18n.job.name="Name" i18n.job.language="Language" i18n.job.description="Description" i18n.job.author.min="Author" i18n.job.version="Version" i18n.job.purpose="Purpose" i18n.job.status="Status" i18n.job.creation="Creation" i18n.job.modification="Modification" i18n.job.extract.settings="Extra settings" i18n.job.value="Value" i18n.job.stats.logs="Status &amp; Logs" i18n.job.context="Context" i18n.job.promt="Prompt" i18n.job.need.promt="Need Prompt?" i18n.job.type="Type" i18n.job.source="Source" i18n.job.component.name="Component Name" i18n.job.component.type="Component Type" i18n.job.component="Component" i18n.job.unique.name="UNIQUE NAME" i18n.job.input="INPUT(S)" i18n.job.label="LABEL" i18n.job.output="OUTPUT(S)" i18n.job.component.parameters="Component Parameters:" i18n.job.schema.for="Schema for " i18n.job.column="Column" i18n.job.key="Key" i18n.job.length="Length" i18n.job.precision="Precision" i18n.job.nullable="Nullable" i18n.job.comment="Comment" i18n.job.original.function.parameters="Original Function Parameters:" i18n.job.ended="ended" i18n.job.content="content" i18n.route.manifest.type="Type" i18n.route.manifest.value="Value" i18n.route.resource.name="Name" i18n.route.resource.version="Version" i18n.route.resource.path="Path" name="mynewproject" logo="pictures/logo.jpg" title="Generated by Talend Cloud Data Fabric" link="http://www.talend.com" language="java" generatedDate="Oct 24, 2023, 3:37:23 AM" versionName="Talend Cloud VERSION " version="8.0.1.20230913_0925-patch" docType="Jobs" company="">
  <pro-description><![CDATA[]]></pro-description>
  <job name="wf_load_dim_breed" author="parange.a@northeastern.edu" i18n.job.extract.settings.type="i18n.job.extract.settings" i18n.job.stats.logs.type="i18n.job.stats.logs" version="0.1" purpose="" status="" creation="Oct 23, 2023, 5:09:35 PM" modification="Oct 24, 2023, 3:25:31 AM">
    <description><![CDATA[<br/>]]></description>
    <preview picture="pictures/wf_load_dim_breed_0.1.png"/>
    <contextList>
      <context name="dev">
        <contextParameter name="seattlepetDBconnMySQL_Login" prompt="seattlepetDBconnMySQL_Login?" promptNeeded="false" type="id_String" value="root" source="seattlepetDBconnMySQL"/>
        <contextParameter name="seattlepetDBconnMySQL_Server" prompt="seattlepetDBconnMySQL_Server?" promptNeeded="false" type="id_String" value="localhost" source="seattlepetDBconnMySQL"/>
        <contextParameter name="seattlepetDBconnMySQL_AdditionalParams" prompt="seattlepetDBconnMySQL_AdditionalParams?" promptNeeded="false" type="id_String" value="noDatetimeStringSync=true&amp;enabledTLSProtocols=TLSv1.2,TLSv1.1,TLSv1" source="seattlepetDBconnMySQL"/>
        <contextParameter name="seattlepetDBconnMySQL_Port" prompt="seattlepetDBconnMySQL_Port?" promptNeeded="false" type="id_String" value="3306" source="seattlepetDBconnMySQL"/>
        <contextParameter name="seattlepetDBconnMySQL_Database" prompt="seattlepetDBconnMySQL_Database?" promptNeeded="false" type="id_String" value="seattle_pet_license" source="seattlepetDBconnMySQL"/>
        <contextParameter name="seattlepetDBconnMySQL_Password" prompt="seattlepetDBconnMySQL_Password?" promptNeeded="false" type="id_Password" value="*********" source="seattlepetDBconnMySQL"/>
      </context>
      <context name="prod">
        <contextParameter name="seattlepetDBconnMySQL_Login" prompt="seattlepetDBconnMySQL_Login?" promptNeeded="false" type="id_String" value="root" source="seattlepetDBconnMySQL"/>
        <contextParameter name="seattlepetDBconnMySQL_Server" prompt="seattlepetDBconnMySQL_Server?" promptNeeded="false" type="id_String" value="localhost" source="seattlepetDBconnMySQL"/>
        <contextParameter name="seattlepetDBconnMySQL_AdditionalParams" prompt="seattlepetDBconnMySQL_AdditionalParams?" promptNeeded="false" type="id_String" value="noDatetimeStringSync=true&amp;enabledTLSProtocols=TLSv1.2,TLSv1.1,TLSv1" source="seattlepetDBconnMySQL"/>
        <contextParameter name="seattlepetDBconnMySQL_Port" prompt="seattlepetDBconnMySQL_Port?" promptNeeded="false" type="id_String" value="3306" source="seattlepetDBconnMySQL"/>
        <contextParameter name="seattlepetDBconnMySQL_Database" prompt="seattlepetDBconnMySQL_Database?" promptNeeded="false" type="id_String" value="seattle_pet_license" source="seattlepetDBconnMySQL"/>
        <contextParameter name="seattlepetDBconnMySQL_Password" prompt="seattlepetDBconnMySQL_Password?" promptNeeded="false" type="id_Password" value="*********" source="seattlepetDBconnMySQL"/>
      </context>
      <context name="qa">
        <contextParameter name="seattlepetDBconnMySQL_Login" prompt="seattlepetDBconnMySQL_Login?" promptNeeded="false" type="id_String" value="root" source="seattlepetDBconnMySQL"/>
        <contextParameter name="seattlepetDBconnMySQL_Server" prompt="seattlepetDBconnMySQL_Server?" promptNeeded="false" type="id_String" value="localhost" source="seattlepetDBconnMySQL"/>
        <contextParameter name="seattlepetDBconnMySQL_AdditionalParams" prompt="seattlepetDBconnMySQL_AdditionalParams?" promptNeeded="false" type="id_String" value="noDatetimeStringSync=true&amp;enabledTLSProtocols=TLSv1.2,TLSv1.1,TLSv1" source="seattlepetDBconnMySQL"/>
        <contextParameter name="seattlepetDBconnMySQL_Port" prompt="seattlepetDBconnMySQL_Port?" promptNeeded="false" type="id_String" value="3306" source="seattlepetDBconnMySQL"/>
        <contextParameter name="seattlepetDBconnMySQL_Database" prompt="seattlepetDBconnMySQL_Database?" promptNeeded="false" type="id_String" value="seattle_pet_license" source="seattlepetDBconnMySQL"/>
        <contextParameter name="seattlepetDBconnMySQL_Password" prompt="seattlepetDBconnMySQL_Password?" promptNeeded="false" type="id_Password" value="*********" source="seattlepetDBconnMySQL"/>
      </context>
    </contextList>
    <jobSetting>
      <extra>
        <jobParameter name="COMP_DEFAULT_FILE_DIR" value=""/>
        <jobParameter name="Multi thread execution" value="false"/>
        <jobParameter name="Implicit tContextLoad" value="false"/>
      </extra>
      <Statslogs>
        <jobParameter name="Use statistics (tStatCatcher)" value="false"/>
        <jobParameter name="Use logs (tLogCatcher)" value="false"/>
        <jobParameter name="Use volumetrics (tFlowMeterCatcher)" value="false"/>
        <jobParameter name="On Console" value="false"/>
        <jobParameter name="On Files" value="false"/>
        <jobParameter name="On Databases" value="false"/>
        <jobParameter name="Catch components statistics" value="false"/>
        <jobParameter name="Catch runtime errors" value="true"/>
        <jobParameter name="Catch user errors" value="true"/>
        <jobParameter name="Catch user warnings" value="true"/>
      </Statslogs>
    </jobSetting>
    <componentList>
      <componentItem name="tDBInput_1" link="tDBInput_1" type="tMysqlInput" leftTopX="192" leftTopY="96" rightBottomX="224" rightBottomY="128"/>
      <componentItem name="tDBInput_2" link="tDBInput_2" type="tMSSqlInput" leftTopX="192" leftTopY="256" rightBottomX="224" rightBottomY="288"/>
      <componentItem name="tDBOutput_1" link="tDBOutput_1" type="tMysqlOutput" leftTopX="704" leftTopY="96" rightBottomX="736" rightBottomY="128"/>
      <componentItem name="tDBOutput_2" link="tDBOutput_2" type="tMSSqlOutput" leftTopX="736" leftTopY="256" rightBottomX="768" rightBottomY="288"/>
      <componentItem name="tMap_1" link="tMap_1" type="tMap" leftTopX="480" leftTopY="96" rightBottomX="512" rightBottomY="128"/>
      <componentItem name="tMap_2" link="tMap_2" type="tMap" leftTopX="480" leftTopY="256" rightBottomX="512" rightBottomY="288"/>
    </componentList>
    <internalNodeComponents>
      <component icon="pictures/tDBInput_1.png" uniqueName="tDBInput_1" label="src_seattlepetlicensestg">
        <input>none</input>
        <output link="tMap_1">tMap_1</output>
        <componentType>tMysqlInput</componentType>
        <parameters>
          <column name="Database" value="tMysqlInput"/>
          <column name="Unique Name" value="tDBInput_1"/>
          <column name="Component Name" value="tMysqlInput"/>
          <column name="Version" value="0.102 (ALPHA)"/>
          <column name="Family" value="Databases/DB Specifics/MySQL"/>
          <column name="Start" value="true"/>
          <column name="Startable" value="true"/>
          <column name="SUBTREE_START" value="true"/>
          <column name="END_OF_FLOW" value="false"/>
          <column name="Activate" value="true"/>
          <column name="DUMMY" value="false"/>
          <column name="tStatCatcher Statistics" value="false"/>
          <column name="Help" value="org.talend.help.tMysqlInput"/>
          <column name="Update components" value="true"/>
          <column name="IREPORT_PATH" value=""/>
          <column name="JAVA_LIBRARY_PATH" value="C:\Program Files (x86)\Talend-Studio\studio\configuration\lib\java"/>
          <column name="Subjob color" value=""/>
          <column name="Title color" value=""/>
          <column name="Enable parallel execution" value="false"/>
          <column name="Number of parallel executions" value="2"/>
          <column name="PARALLELIZE_KEEP_EMPTY" value="false"/>
          <column name="Property Type" value="repository: DB (MYSQL):seattlepetDBconnMySQL"/>
          <column name="DB Version" value="MYSQL_8"/>
          <column name="Use an existing connection" value="false"/>
          <column name="Component List" value=""/>
          <column name="Host" value="context.seattlepetDBconnMySQL_Server"/>
          <column name="Port" value="context.seattlepetDBconnMySQL_Port"/>
          <column name="Database" value="context.seattlepetDBconnMySQL_Database"/>
          <column name="Database Driver" value="MYSQL"/>
          <column name="Username" value="context.seattlepetDBconnMySQL_Login"/>
          <column name="Password" value="context.seattlepetDBconnMySQL_Password"/>
          <column name="REPOSITORY_ALLOW_AUTO_SWITCH" value="true"/>
          <column name="Schema" value="Built-In"/>
          <column name="Table Name" value="&quot;seattlepetlicensestg&quot;"/>
          <column name="Query Type" value="Built-In"/>
          <column name="Guess Schema" value="&quot;&quot;"/>
          <column name="Query" value="&quot;SELECT distinct
  `seattlepetlicensestg`.`Species`, 
  `seattlepetlicensestg`.`Primary_Breed`, 
  `seattlepetlicensestg`.`Secondary_Breed`
FROM `seattlepetlicensestg`&quot;"/>
          <column name="Specify a data source alias" value="false"/>
          <column name="Data source alias" value="&quot;&quot;"/>
          <column name="Mapping" value="mysql_id"/>
          <column name="Additional JDBC Parameters" value="context.seattlepetDBconnMySQL_AdditionalParams"/>
          <column name="Encoding" value="&quot;ISO-8859-15&quot;"/>
          <column name="Enable stream" value="false"/>
          <column name="Trim all the String/Char columns" value="false"/>
          <column name="Trim column" value="[{SCHEMA_COLUMN=Species, TRIM=false}, {SCHEMA_COLUMN=Primary_Breed, TRIM=false}, {SCHEMA_COLUMN=Secondary_Breed, TRIM=false}]"/>
          <column name="Label format" value="src_seattlepetlicensestg"/>
          <column name="Hint format" value="&lt;b&gt;__UNIQUE_NAME__&lt;/b&gt;&lt;br&gt;__COMMENT__"/>
          <column name="Connection format" value="row"/>
          <column name="Show Information" value="false"/>
          <column name="Comment" value=""/>
          <column name="Use an existing validation rule" value="false"/>
          <column name="Validation Rule Type" value=""/>
        </parameters>
        <schemas>
          <schema name="tDBInput_1">
            <column name="Species" key="false" type="String" length="4" precision="" nullable="true" comment=""/>
            <column name="Primary_Breed" key="false" type="String" length="46" precision="" nullable="true" comment=""/>
            <column name="Secondary_Breed" key="false" type="String" length="46" precision="" nullable="true" comment=""/>
          </schema>
        </schemas>
      </component>
      <component icon="pictures/tDBInput_2.png" uniqueName="tDBInput_2" label="src_seattlepetlicensestg_azure">
        <input>none</input>
        <output link="tMap_2">tMap_2</output>
        <componentType>tMSSqlInput</componentType>
        <parameters>
          <column name="Database" value="tMSSqlInput"/>
          <column name="Unique Name" value="tDBInput_2"/>
          <column name="Component Name" value="tMSSqlInput"/>
          <column name="Version" value="0.102 (ALPHA)"/>
          <column name="Family" value="Databases/DB Specifics/MS_SQL_Server"/>
          <column name="Start" value="true"/>
          <column name="Startable" value="true"/>
          <column name="SUBTREE_START" value="true"/>
          <column name="END_OF_FLOW" value="false"/>
          <column name="Activate" value="true"/>
          <column name="DUMMY" value="false"/>
          <column name="tStatCatcher Statistics" value="false"/>
          <column name="Help" value="org.talend.help.tMSSqlInput"/>
          <column name="Update components" value="true"/>
          <column name="IREPORT_PATH" value=""/>
          <column name="JAVA_LIBRARY_PATH" value="C:\Program Files (x86)\Talend-Studio\studio\configuration\lib\java"/>
          <column name="Subjob color" value=""/>
          <column name="Title color" value=""/>
          <column name="Enable parallel execution" value="false"/>
          <column name="Number of parallel executions" value="2"/>
          <column name="PARALLELIZE_KEEP_EMPTY" value="false"/>
          <column name="Use an existing connection" value="false"/>
          <column name="Component List" value=""/>
          <column name="Property Type" value="repository: DB (MSSQL):seattlepetDBconnAzure"/>
          <column name="Host" value="&quot;dadabiamey.database.windows.net&quot;"/>
          <column name="JDBC Provider" value="MSSQL_PROP"/>
          <column name="Database Driver" value="MSSQL"/>
          <column name="Port" value="&quot;1433&quot;"/>
          <column name="Schema" value="&quot;seattlepetlicense&quot;"/>
          <column name="Database" value="&quot;dadabi&quot;"/>
          <column name="Username" value="&quot;diehard&quot;"/>
          <column name="Password" value="***********"/>
          <column name="REPOSITORY_ALLOW_AUTO_SWITCH" value="true"/>
          <column name="Schema" value="Built-In"/>
          <column name="Table Name" value="&quot;seattlepetlicensestg&quot;"/>
          <column name="Query Type" value="Built-In"/>
          <column name="Guess Schema" value="&quot;&quot;"/>
          <column name="Query" value="&quot;SELECT distinct 
		seattlepetlicense.seattlepetlicensestg.Species,
		seattlepetlicense.seattlepetlicensestg.Primary_Breed,
		seattlepetlicense.seattlepetlicensestg.Secondary_Breed
FROM	seattlepetlicense.seattlepetlicensestg&quot;"/>
          <column name="Specify a data source alias" value="false"/>
          <column name="Data source alias" value="&quot;&quot;"/>
          <column name="Mapping" value="id_MSSQL"/>
          <column name="Additional JDBC Parameters" value="&quot;&quot;"/>
          <column name="Authenticate using Azure Active Directory" value="false"/>
          <column name="Encoding" value="&quot;ISO-8859-15&quot;"/>
          <column name="Trim all the String/Char columns" value="false"/>
          <column name="Trim column" value="[{SCHEMA_COLUMN=Species, TRIM=false}, {SCHEMA_COLUMN=Primary_Breed, TRIM=false}, {SCHEMA_COLUMN=Secondary_Breed, TRIM=false}]"/>
          <column name="Set Query Timeout" value="false"/>
          <column name="Timeout (seconds)" value="30"/>
          <column name="Label format" value="src_seattlepetlicensestg_azure"/>
          <column name="Hint format" value="&lt;b&gt;__UNIQUE_NAME__&lt;/b&gt;&lt;br&gt;__COMMENT__"/>
          <column name="Connection format" value="row"/>
          <column name="Show Information" value="false"/>
          <column name="Comment" value=""/>
          <column name="Use an existing validation rule" value="false"/>
          <column name="Validation Rule Type" value=""/>
        </parameters>
        <schemas>
          <schema name="tDBInput_2">
            <column name="Species" key="false" type="String" length="4" precision="" nullable="true" comment=""/>
            <column name="Primary_Breed" key="false" type="String" length="46" precision="" nullable="true" comment=""/>
            <column name="Secondary_Breed" key="false" type="String" length="46" precision="" nullable="true" comment=""/>
          </schema>
        </schemas>
      </component>
      <component icon="pictures/tDBOutput_1.png" uniqueName="tDBOutput_1" label="tgt_dim_breed_mysql">
        <input link="tMap_1">tMap_1</input>
        <output>none</output>
        <componentType>tMysqlOutput</componentType>
        <parameters>
          <column name="Database" value="tMysqlOutput"/>
          <column name="Unique Name" value="tDBOutput_1"/>
          <column name="Component Name" value="tMysqlOutput"/>
          <column name="Version" value="0.102 (ALPHA)"/>
          <column name="Family" value="Databases/DB Specifics/MySQL"/>
          <column name="Startable" value="false"/>
          <column name="SUBTREE_START" value="false"/>
          <column name="END_OF_FLOW" value="true"/>
          <column name="Activate" value="true"/>
          <column name="DUMMY" value="false"/>
          <column name="tStatCatcher Statistics" value="false"/>
          <column name="Help" value="org.talend.help.tMysqlOutput"/>
          <column name="Update components" value="true"/>
          <column name="IREPORT_PATH" value=""/>
          <column name="JAVA_LIBRARY_PATH" value="C:\Program Files (x86)\Talend-Studio\studio\configuration\lib\java"/>
          <column name="Subjob color" value=""/>
          <column name="Title color" value=""/>
          <column name="Enable parallel execution" value="false"/>
          <column name="Number of parallel executions" value="2"/>
          <column name="PARALLELIZE_KEEP_EMPTY" value="false"/>
          <column name="Property Type" value="repository: DB (MYSQL):seattlepetDBconnMySQL"/>
          <column name="DB Version" value="MYSQL_8"/>
          <column name="Use an existing connection" value="false"/>
          <column name="Component List" value=""/>
          <column name="Database Driver" value="MYSQL"/>
          <column name="Host" value="context.seattlepetDBconnMySQL_Server"/>
          <column name="Port" value="context.seattlepetDBconnMySQL_Port"/>
          <column name="Database" value="context.seattlepetDBconnMySQL_Database"/>
          <column name="Username" value="context.seattlepetDBconnMySQL_Login"/>
          <column name="Password" value="context.seattlepetDBconnMySQL_Password"/>
          <column name="Table" value="&quot;Dim_Breed&quot;"/>
          <column name="Action on table" value="TRUNCATE"/>
          <column name="Action on data" value="INSERT"/>
          <column name="REPOSITORY_ALLOW_AUTO_SWITCH" value="true"/>
          <column name="Schema" value="Built-In"/>
          <column name="Reject Schema" value="Built-In"/>
          <column name="Specify a data source alias" value="false"/>
          <column name="Data source alias" value="&quot;&quot;"/>
          <column name="Die on error" value="false"/>
          <column name="Mapping" value="mysql_id"/>
          <column name="Additional JDBC Parameters" value="context.seattlepetDBconnMySQL_AdditionalParams"/>
          <column name="Extend Insert" value="true"/>
          <column name="Number of rows per insert" value="100"/>
          <column name="Use Batch Size" value="true"/>
          <column name="Batch Size" value="10000"/>
          <column name="Encoding" value="&quot;ISO-8859-15&quot;"/>
          <column name="Commit every" value="10000"/>
          <column name="Additional columns" value="[]"/>
          <column name="Use field options" value="false"/>
          <column name="Field options" value="[{SCHEMA_COLUMN=BreekSK, UPDATE_KEY=false, DELETE_KEY=false, UPDATABLE=true, INSERTABLE=true}, {SCHEMA_COLUMN=Species, UPDATE_KEY=false, DELETE_KEY=false, UPDATABLE=true, INSERTABLE=true}, {SCHEMA_COLUMN=Primary_Breed, UPDATE_KEY=false, DELETE_KEY=false, UPDATABLE=true, INSERTABLE=true}, {SCHEMA_COLUMN=Secondary_Breed, UPDATE_KEY=false, DELETE_KEY=false, UPDATABLE=true, INSERTABLE=true}, {SCHEMA_COLUMN=ProcessID, UPDATE_KEY=false, DELETE_KEY=false, UPDATABLE=true, INSERTABLE=true}, {SCHEMA_COLUMN=DI_created_date, UPDATE_KEY=false, DELETE_KEY=false, UPDATABLE=true, INSERTABLE=true}]"/>
          <column name="Use Hint Options" value="false"/>
          <column name="Hint Options" value="[]"/>
          <column name="Debug query mode" value="false"/>
          <column name="Use duplicate key update mode insert" value="false"/>
          <column name="DUPLICATED_KEYS" value="[]"/>
          <column name="Support null in &quot;SQL WHERE&quot; statement" value="false"/>
          <column name="Label format" value="tgt_dim_breed_mysql"/>
          <column name="Hint format" value="&lt;b&gt;__UNIQUE_NAME__&lt;/b&gt;&lt;br&gt;__COMMENT__"/>
          <column name="Connection format" value="row"/>
          <column name="Show Information" value="false"/>
          <column name="Comment" value=""/>
          <column name="Use an existing validation rule" value="false"/>
          <column name="Validation Rule Type" value=""/>
        </parameters>
        <schemas>
          <schema name="load_mySQL_dim_breed">
            <column name="BreekSK" key="true" type="int" length="" precision="" nullable="false" comment=""/>
            <column name="Species" key="false" type="String" length="4" precision="" nullable="true" comment=""/>
            <column name="Primary_Breed" key="false" type="String" length="46" precision="" nullable="true" comment=""/>
            <column name="Secondary_Breed" key="false" type="String" length="46" precision="" nullable="true" comment=""/>
            <column name="ProcessID" key="false" type="String" length="10" precision="" nullable="true" comment=""/>
            <column name="DI_created_date" key="false" type="java.util.Date" length="" precision="" nullable="true" comment=""/>
          </schema>
        </schemas>
      </component>
      <component icon="pictures/tDBOutput_2.png" uniqueName="tDBOutput_2" label="tgt_dim_breed_azure">
        <input link="tMap_2">tMap_2</input>
        <output>none</output>
        <componentType>tMSSqlOutput</componentType>
        <parameters>
          <column name="Database" value="tMSSqlOutput"/>
          <column name="Unique Name" value="tDBOutput_2"/>
          <column name="Component Name" value="tMSSqlOutput"/>
          <column name="Version" value="0.102 (ALPHA)"/>
          <column name="Family" value="Databases/DB Specifics/MS_SQL_Server"/>
          <column name="Startable" value="false"/>
          <column name="SUBTREE_START" value="false"/>
          <column name="END_OF_FLOW" value="true"/>
          <column name="Activate" value="true"/>
          <column name="DUMMY" value="false"/>
          <column name="tStatCatcher Statistics" value="false"/>
          <column name="Help" value="org.talend.help.tMSSqlOutput"/>
          <column name="Update components" value="true"/>
          <column name="IREPORT_PATH" value=""/>
          <column name="JAVA_LIBRARY_PATH" value="C:\Program Files (x86)\Talend-Studio\studio\configuration\lib\java"/>
          <column name="Subjob color" value=""/>
          <column name="Title color" value=""/>
          <column name="Enable parallel execution" value="false"/>
          <column name="Number of parallel executions" value="2"/>
          <column name="PARALLELIZE_KEEP_EMPTY" value="false"/>
          <column name="Property Type" value="repository: DB (MSSQL):seattlepetDBconnAzure"/>
          <column name="Use an existing connection" value="false"/>
          <column name="Component List" value=""/>
          <column name="JDBC Provider" value="MSSQL_PROP"/>
          <column name="Host" value="&quot;dadabiamey.database.windows.net&quot;"/>
          <column name="Port" value="&quot;1433&quot;"/>
          <column name="Schema" value="&quot;seattlepetlicense&quot;"/>
          <column name="Database" value="&quot;dadabi&quot;"/>
          <column name="Database Driver" value="MSSQL"/>
          <column name="Username" value="&quot;diehard&quot;"/>
          <column name="Password" value="***********"/>
          <column name="Table" value="&quot;Dim_Breed&quot;"/>
          <column name="Action on table" value="TRUNCATE"/>
          <column name="Turn on identity insert" value="false"/>
          <column name="Action on data" value="INSERT"/>
          <column name="Specify identity field" value="false"/>
          <column name="Identity field" value="Species"/>
          <column name="Start value" value="1"/>
          <column name="Step" value="1"/>
          <column name="REPOSITORY_ALLOW_AUTO_SWITCH" value="true"/>
          <column name="Schema" value="Built-In"/>
          <column name="Reject Schema" value="Built-In"/>
          <column name="Specify a data source alias" value="false"/>
          <column name="Data source alias" value="&quot;&quot;"/>
          <column name="Die on error" value="false"/>
          <column name="Mapping" value="id_MSSQL"/>
          <column name="Additional JDBC Parameters" value="&quot;&quot;"/>
          <column name="Authenticate using Azure Active Directory" value="false"/>
          <column name="Use alternate schema" value="false"/>
          <column name="Schema" value="&quot;&quot;"/>
          <column name="Encoding" value="&quot;ISO-8859-15&quot;"/>
          <column name="Commit every" value="10000"/>
          <column name="Additional columns" value="[]"/>
          <column name="Use field options" value="false"/>
          <column name="Field options" value="[{SCHEMA_COLUMN=BreedSK, UPDATE_KEY=false, DELETE_KEY=false, UPDATABLE=true, INSERTABLE=true}, {SCHEMA_COLUMN=Species, UPDATE_KEY=false, DELETE_KEY=false, UPDATABLE=true, INSERTABLE=true}, {SCHEMA_COLUMN=Primary_Breed, UPDATE_KEY=false, DELETE_KEY=false, UPDATABLE=true, INSERTABLE=true}, {SCHEMA_COLUMN=Secondary_Breed, UPDATE_KEY=false, DELETE_KEY=false, UPDATABLE=true, INSERTABLE=true}, {SCHEMA_COLUMN=ProcessID, UPDATE_KEY=false, DELETE_KEY=false, UPDATABLE=true, INSERTABLE=true}, {SCHEMA_COLUMN=DI_created_date, UPDATE_KEY=false, DELETE_KEY=false, UPDATABLE=true, INSERTABLE=true}]"/>
          <column name="Ignore date out of range" value="false"/>
          <column name="Debug query mode" value="false"/>
          <column name="Support null in &quot;SQL WHERE&quot; statement" value="false"/>
          <column name="Use Batch Size" value="true"/>
          <column name="Batch Size" value="10000"/>
          <column name="Set Query Timeout" value="false"/>
          <column name="Timeout (seconds)" value="30"/>
          <column name="Label format" value="tgt_dim_breed_azure"/>
          <column name="Hint format" value="&lt;b&gt;__UNIQUE_NAME__&lt;/b&gt;&lt;br&gt;__COMMENT__"/>
          <column name="Connection format" value="row"/>
          <column name="Show Information" value="false"/>
          <column name="Comment" value=""/>
          <column name="Use an existing validation rule" value="false"/>
          <column name="Validation Rule Type" value=""/>
        </parameters>
        <schemas>
          <schema name="load_azure_dim_breed">
            <column name="BreedSK" key="true" type="int" length="" precision="" nullable="false" comment=""/>
            <column name="Species" key="false" type="String" length="4" precision="" nullable="true" comment=""/>
            <column name="Primary_Breed" key="false" type="String" length="46" precision="" nullable="true" comment=""/>
            <column name="Secondary_Breed" key="false" type="String" length="46" precision="" nullable="true" comment=""/>
            <column name="ProcessID" key="false" type="String" length="10" precision="" nullable="true" comment=""/>
            <column name="DI_created_date" key="false" type="java.util.Date" length="" precision="" nullable="true" comment=""/>
          </schema>
        </schemas>
      </component>
    </internalNodeComponents>
    <externalNodeComponents>
      <component icon="pictures/tMap_1.png" uniqueName="tMap_1" label="__UNIQUE_NAME__">
        <input link="tDBInput_1">tDBInput_1</input>
        <output link="tDBOutput_1">tDBOutput_1</output>
        <componentType>tMap</componentType>
        <!--tMap_1-->
      </component>
      <component icon="pictures/tMap_2.png" uniqueName="tMap_2" label="__UNIQUE_NAME__">
        <input link="tDBInput_2">tDBInput_2</input>
        <output link="tDBOutput_2">tDBOutput_2</output>
        <componentType>tMap</componentType>
        <!--tMap_2-->
      </component>
    </externalNodeComponents>
    <connections>
      <connection label="row1" lineStyle="0" metaname="tDBInput_1" offsetLabelX="0" offsetLabelY="0" source="tDBInput_1" target="tMap_1"/>
      <connection label="load_mySQL_dim_breed" lineStyle="0" metaname="load_mySQL_dim_breed" offsetLabelX="0" offsetLabelY="0" source="tMap_1" target="tDBOutput_1"/>
      <connection label="row2" lineStyle="0" metaname="tDBInput_2" offsetLabelX="0" offsetLabelY="0" source="tDBInput_2" target="tMap_2"/>
      <connection label="load_azure_dim_breed" lineStyle="0" metaname="load_azure_dim_breed" offsetLabelX="0" offsetLabelY="0" source="tMap_2" target="tDBOutput_2"/>
    </connections>
  </job>
</project>
