<?xml version="1.1" encoding="UTF-8"?>

<externalNode i18n.job.component.parameters="Component Parameters:" i18n.job.properties="Properties" i18n.job.values="Values" i18n.mapper.table.for="Mapper table for " i18n.mapper.table.properties="Mapper table Properties" i18n.job.name="Name" i18n.tmap.matching.mode="Matching-mode" i18n.mapper.table.isminimized="isMinimized" i18n.tmap.isreject="isReject" i18n.tmap.isrejectinnnerjoin="isRejectInnerJoin" i18n.tmap.isinnerjoin="isInnerJoin" i18n.tmap.expressionfilter="expressionFilter" i18n.mapper.table.metadata.entries="Metadata Table Entries" i18n.job.type="Type" i18n.mapper.table.expression="Expression" i18n.tmap.isnullable="isNullable" i18n.tmap.constraint.entries="Constraint Table Entries" name="tMap_2" preview="pictures/_nOwJUHHoEe667LZiV_T4Jw-tMap_2-PREVIEW.bmp">
  <parameters>
    <column name="tStatCatcher Statistics">false</column>
    <column name="Mapping links display as:">AUTO</column>
    <column name="Temp data directory path:"></column>
    <column name="Max buffer size (nb of rows):">2000000</column>
    <column name="Ignore trailing zeros for BigDecimal">true</column>
    <column name="Show Information">false</column>
    <column name="Comment"><![CDATA[]]></column>
    <column name="Use an existing validation rule">false</column>
  </parameters>
  <mapperTable type="input">
    <table name="row6" matching-mode="UNIQUE_MATCH" lookup-mode="LOAD_ONCE" isMinimized="false" isReject="false" isRejectInnerJoin="false" isInnerJoin="false" isPersistent="false" expressionFilter="null" activateExpressionFilter="false" activateCondensedTool="false" activateColumnNameFilter="false" columnNameFilter="null">
      <metadataTableEntries>
        <entry name="DateSK" type="Integer" expression="" isNullable="true"/>
        <entry name="LocationSK" type="Integer" expression="" isNullable="true"/>
        <entry name="BreedSK" type="Integer" expression="" isNullable="true"/>
        <entry name="No_of_License" type="Integer" expression="" isNullable="true"/>
      </metadataTableEntries>
    </table>
  </mapperTable>
  <mapperTable type="output">
    <table name="load_fct_tgt" isMinimized="false" isReject="false" isRejectInnerJoin="false" isInnerJoin="false" isPersistent="false" expressionFilter="null" activateExpressionFilter="false" activateCondensedTool="false" activateColumnNameFilter="false" columnNameFilter="null">
      <metadataTableEntries>
        <entry name="LicenseSK" type="int" expression="Var.LicenseSK " isNullable="false"/>
        <entry name="DateSK" type="Integer" expression="row6.DateSK " isNullable="true"/>
        <entry name="LocationSK" type="Integer" expression="row6.LocationSK " isNullable="true"/>
        <entry name="BreedSK" type="Integer" expression="row6.BreedSK " isNullable="true"/>
        <entry name="No_of_License" type="Integer" expression="row6.No_of_License " isNullable="true"/>
        <entry name="DI_JobId" type="String" expression="Var.DI_JobId " isNullable="true"/>
        <entry name="Date_To_Warehouse" type="java.util.Date" expression="Var.Date_To_Warehouse " isNullable="true"/>
      </metadataTableEntries>
    </table>
  </mapperTable>
  <mapperTable type="var">
    <table name="Var" isMinimized="false" isReject="false" isRejectInnerJoin="false" isInnerJoin="false" isPersistent="false" expressionFilter="null" activateExpressionFilter="false" activateCondensedTool="false" activateColumnNameFilter="false" columnNameFilter="null">
      <metadataTableEntries>
        <entry name="DI_JobId" type="String" expression="pid" isNullable="false"/>
        <entry name="LicenseSK" type="int" expression="Numeric.sequence(&quot;s1&quot;,1,1) " isNullable="false"/>
        <entry name="Date_To_Warehouse" type="java.util.Date" expression="TalendDate.getCurrentDate() " isNullable="false"/>
      </metadataTableEntries>
    </table>
  </mapperTable>
</externalNode>
